target_x_mm,target_y_mm,measured_x_mm,measured_y_mm
-20.0,40.0,-13.257282051491377,30.14826258985589
-10.0,40.0,-7.74827769344372,32.96583587888779
0.0,40.0,-1.0493175997412696,34.877182238934985
10.0,40.0,5.624813052504967,34.45985903046571
20.0,40.0,12.367446639347104,32.99355291859618
30.0,30.0,21.576853873074494,28.03031562352694
20.0,30.0,14.887015719672007,30.352665341598
10.0,30.0,7.6795902137778835,29.856511807084324
0.0,30.0,-0.3720131742002431,28.61770041877932
-10.0,30.0,-7.230160109979166,25.83722258115474
-20.0,30.0,-14.184964796961566,22.40774025512864
-30.0,30.0,-19.043861614204115,20.304083964682658
-40.0,20.0,-23.21083674756946,12.346738037208835
-30.0,20.0,-21.047572548441646,15.806738351437623
-20.0,20.0,-15.589573844007964,17.77632076530093
-10.0,20.0,-9.333077220340384,19.529279228531376
0.0,20.0,-1.6654580937150654,20.82600033138871
10.0,20.0,7.118378207473207,21.098983502820506
20.0,20.0,15.99975803854894,20.7481105248387
30.0,20.0,24.06489130595113,20.717067791685437
40.0,20.0,30.75651390931303,19.661774012900864
40.0,10.0,33.688035805194545,13.24026245417583
30.0,10.0,26.589629705334747,13.183638041860211
20.0,10.0,18.420211670956096,13.839983027964593
10.0,10.0,8.934667719417108,14.327860440140585
0.0,10.0,0.617040583088163,13.478098783032124
-10.0,10.0,-7.982388803294639,11.955181041122414
-20.0,10.0,-15.138263051925962,9.766658137275009
-30.0,10.0,-20.757794911089437,7.561299121260636
-40.0,10.0,-23.99232645148465,6.085220619830642
-40.0,0.0,-24.30239108037626,-2.0409069326203126
-30.0,0.0,-21.59818827349897,-2.121308838644536
-20.0,0.0,-15.7504353158036,-1.373964007955911
-10.0,0.0,-8.298643992263358,-1.0606128294834858
0.0,0.0,-0.3771866996641744,-0.0482065567757011
10.0,0.0,8.706950639676155,0.8998097954798974
20.0,0.0,18.953961026771047,1.7834848076461904
30.0,0.0,27.347651186010918,2.217307253149388
40.0,0.0,34.03590264551639,3.711119455535039
40.0,-10.0,34.06416862319038,-5.025215488728452
30.0,-10.0,29.740664923937032,-8.139376198079804
20.0,-10.0,21.155618070586275,-9.878012591157418
10.0,-10.0,11.39721108523781,-10.272035193993387
0.0,-10.0,2.0810472618770346,-11.036532346018362
-10.0,-10.0,-6.387473012316363,-11.052105757642735
-20.0,-10.0,-13.408272605848335,-10.455774216831738
-30.0,-10.0,-19.010899769075326,-10.318561796577942
-40.0,-10.0,-22.75651642415243,-9.730629266359497
-40.0,-20.0,-20.67398896286272,-15.869256366472776
-30.0,-20.0,-18.372238408908206,-18.35300000763372
-20.0,-20.0,-12.541549911142022,-19.958996787521308
-10.0,-20.0,-5.77767758751833,-21.981489468007727
0.0,-20.0,2.4657232486209875,-22.317560805508837
10.0,-20.0,10.78328738455954,-21.252993106978447
20.0,-20.0,20.324767317356475,-19.389793004970663
30.0,-20.0,28.064541406258485,-17.115600184089597
40.0,-20.0,35.201578939840175,-14.70522544103769
30.0,-30.0,29.89613425091159,-22.6602058806991
20.0,-30.0,22.30839075630356,-24.70264842217583
10.0,-30.0,13.83730195488581,-27.28719189046589
0.0,-30.0,5.262931468842615,-28.59941648804728
-10.0,-30.0,-2.438681294617858,-26.799766692238357
-20.0,-30.0,-9.884917589411966,-24.754650673514725
-30.0,-30.0,-15.625660768030103,-22.492858416706763
-20.0,-40.0,-7.568845551386029,-31.099998110868924
-10.0,-40.0,-0.6846006939589384,-33.22094445775765
0.0,-40.0,5.219669587359918,-33.96665020408677
10.0,-40.0,12.633867528065466,-33.23156237677808
20.0,-40.0,20.830270550240364,-31.32346523144309
